date,day_of_week,menu,expected_students,actual_students,food_prepared_portions,food_consumed_portions,food_wasted_portions,weather,temperature_c,is_holiday,is_exam_day,special_event,consumption_rate,waste_percentage,waste_kg_est,food_cost_per_portion_inr,waste_cost_inr
2026-01-01,Thursday,Paneer Rice,485,481,497,421,76,Hot,36.1,0,0,0,0.875,15.29,26.6,55,4180
2026-01-02,Friday,Idli Sambar,444,436,437,360,77,Hot,34.6,0,1,0,0.826,17.62,26.95,40,3080
2026-01-03,Saturday,Rajma Rice,373,336,368,296,72,Cloudy,27.9,0,0,0,0.881,19.57,25.2,50,3600
2026-01-04,Sunday,Rajma Rice,135,115,136,100,36,Cloudy,26.5,1,0,1,0.87,26.47,12.6,45,1620
2026-01-05,Monday,Paneer Rice,184,171,193,178,15,Normal,30.9,1,0,0,1.041,7.77,5.25,45,675
2026-01-06,Tuesday,Dal Rice,501,501,501,418,83,Hot,33.5,0,0,0,0.834,16.57,29.05,50,4150
2026-01-07,Wednesday,Idli Sambar,451,423,469,360,109,Rainy,25.3,0,1,0,0.851,23.24,38.15,35,3815
2026-01-08,Thursday,Dal Rice,210,189,211,171,40,Rainy,29.4,1,0,0,0.905,18.96,14.0,45,1800
2026-01-09,Friday,Dal Roti,418,414,430,394,36,Normal,30.5,0,1,0,0.952,8.37,12.6,40,1440
2026-01-10,Saturday,Idli Sambar,346,327,359,281,78,Hot,36.6,0,0,0,0.859,21.73,27.3,45,3510
2026-01-11,Sunday,Poha,206,203,204,152,52,Hot,33.6,0,0,0,0.749,25.49,18.2,45,2340
2026-01-12,Monday,Pav Bhaji,546,533,549,487,62,Normal,27.0,0,0,0,0.914,11.29,21.7,50,3100
2026-01-13,Tuesday,Chole Bhature,525,517,540,479,61,Hot,31.5,0,0,1,0.926,11.3,21.35,35,2135
2026-01-14,Wednesday,Chole Bhature,516,497,529,463,66,Normal,33.9,0,0,0,0.932,12.48,23.1,45,2970
2026-01-15,Thursday,Pav Bhaji,171,171,171,160,11,Normal,28.1,1,0,0,0.936,6.43,3.85,40,440
2026-01-16,Friday,Dal Roti,508,508,517,447,70,Normal,31.3,0,0,0,0.88,13.54,24.5,50,3500
2026-01-17,Saturday,Dal Roti,149,139,154,113,41,Normal,31.1,1,0,0,0.813,26.62,14.35,55,2255
2026-01-18,Sunday,Veg Pulao,109,98,110,80,30,Hot,35.3,1,0,0,0.816,27.27,10.5,55,1650
2026-01-19,Monday,Khichdi,488,488,498,386,112,Rainy,28.0,0,0,0,0.791,22.49,39.2,50,5600
2026-01-20,Tuesday,Khichdi,518,497,528,391,137,Hot,36.3,0,0,0,0.787,25.95,47.95,50,6850
2026-01-21,Wednesday,Khichdi,481,481,481,374,107,Cool,19.8,0,0,0,0.778,22.25,37.45,40,4280
2026-01-22,Thursday,Dal Roti,498,480,493,425,68,Normal,30.1,0,0,0,0.885,13.79,23.8,40,2720
2026-01-23,Friday,Khichdi,515,515,515,412,103,Normal,29.0,0,0,0,0.8,20.0,36.05,45,4635
2026-01-24,Saturday,Idli Sambar,302,302,307,273,34,Normal,27.1,0,1,0,0.904,11.07,11.9,50,1700
2026-01-25,Sunday,Chole Bhature,80,80,80,77,3,Normal,33.0,1,1,0,0.962,3.75,1.05,55,165
2026-01-26,Monday,Khichdi,415,409,419,324,95,Rainy,31.0,0,1,0,0.792,22.67,33.25,40,3800
2026-01-27,Tuesday,Chole Bhature,534,507,548,479,69,Hot,39.0,0,0,0,0.945,12.59,24.15,55,3795
2026-01-28,Wednesday,Dal Rice,156,156,156,138,18,Normal,32.0,1,0,0,0.885,11.54,6.3,45,810
2026-01-29,Thursday,Idli Sambar,534,518,555,465,90,Cool,22.2,0,0,1,0.898,16.22,31.5,45,4050
2026-01-30,Friday,Rajma Rice,207,197,211,173,38,Hot,35.5,1,0,1,0.878,18.01,13.3,40,1520
2026-01-31,Saturday,Rajma Rice,334,334,335,283,52,Hot,33.9,0,0,0,0.847,15.52,18.2,35,1820
2026-02-01,Sunday,Paneer Rice,244,244,252,224,28,Hot,37.6,0,0,0,0.918,11.11,9.8,45,1260
2026-02-02,Monday,Dal Roti,448,448,457,420,37,Cool,25.4,0,0,0,0.938,8.1,12.95,45,1665
2026-02-03,Tuesday,Khichdi,470,470,473,362,111,Hot,34.9,0,0,0,0.77,23.47,38.85,40,4440
2026-02-04,Wednesday,Poha,439,438,459,343,116,Hot,35.4,0,0,0,0.783,25.27,40.6,45,5220
2026-02-05,Thursday,Rajma Rice,502,489,526,456,70,Normal,30.9,0,0,0,0.933,13.31,24.5,50,3500
2026-02-06,Friday,Rajma Rice,519,515,543,465,78,Normal,28.7,0,0,0,0.903,14.36,27.3,50,3900
2026-02-07,Saturday,Rajma Rice,350,342,354,294,60,Cloudy,27.5,0,0,0,0.86,16.95,21.0,55,3300
2026-02-08,Sunday,Veg Pulao,230,228,241,204,37,Normal,26.6,0,0,0,0.895,15.35,12.95,40,1480
2026-02-09,Monday,Poha,180,179,179,146,33,Normal,32.7,1,0,0,0.816,18.44,11.55,40,1320
2026-02-10,Tuesday,Chole Bhature,478,474,484,432,52,Normal,31.9,0,0,0,0.911,10.74,18.2,50,2600
2026-02-11,Wednesday,Pav Bhaji,132,132,135,125,10,Rainy,27.3,1,0,0,0.947,7.41,3.5,45,450
2026-02-12,Thursday,Chole Bhature,196,172,203,155,48,Hot,32.9,1,0,0,0.901,23.65,16.8,35,1680
2026-02-13,Friday,Dal Roti,524,524,545,450,95,Hot,36.1,0,0,0,0.859,17.43,33.25,40,3800
2026-02-14,Saturday,Khichdi,332,326,346,250,96,Normal,23.7,0,0,0,0.767,27.75,33.6,45,4320
2026-02-15,Sunday,Dal Roti,211,211,218,214,4,Cool,25.6,0,0,0,1.014,1.83,1.4,40,160
2026-02-16,Monday,Khichdi,455,425,462,341,121,Normal,29.1,0,1,1,0.802,26.19,42.35,40,4840
2026-02-17,Tuesday,Pav Bhaji,522,514,528,498,30,Normal,30.7,0,0,0,0.969,5.68,10.5,40,1200
2026-02-18,Wednesday,Paneer Rice,466,451,473,429,44,Normal,30.1,0,0,0,0.951,9.3,15.4,35,1540
2026-02-19,Thursday,Chole Bhature,500,491,506,452,54,Normal,27.8,0,0,0,0.921,10.67,18.9,45,2430
2026-02-20,Friday,Dal Rice,538,527,555,487,68,Cloudy,28.0,0,0,1,0.924,12.25,23.8,45,3060
2026-02-21,Saturday,Paneer Rice,368,335,364,315,49,Normal,30.8,0,0,0,0.94,13.46,17.15,45,2205
2026-02-22,Sunday,Dal Roti,179,174,179,156,23,Normal,28.8,0,1,0,0.897,12.85,8.05,40,920
2026-02-23,Monday,Pav Bhaji,469,461,477,466,11,Rainy,29.0,0,0,0,1.011,2.31,3.85,40,440
2026-02-24,Tuesday,Paneer Rice,485,448,507,393,114,Normal,29.6,0,1,0,0.877,22.49,39.9,45,5130
2026-02-25,Wednesday,Veg Pulao,393,373,412,337,75,Normal,29.9,0,1,0,0.903,18.2,26.25,45,3375
2026-02-26,Thursday,Idli Sambar,492,477,500,378,122,Hot,35.2,0,0,0,0.792,24.4,42.7,45,5490
2026-02-27,Friday,Dal Rice,544,494,547,442,105,Normal,26.5,0,0,0,0.895,19.2,36.75,40,4200
2026-02-28,Saturday,Veg Pulao,344,344,360,278,82,Normal,30.7,0,0,0,0.808,22.78,28.7,55,4510
2026-03-01,Sunday,Paneer Rice,248,222,257,217,40,Rainy,29.1,0,0,1,0.977,15.56,14.0,40,1600
2026-03-02,Monday,Idli Sambar,492,475,497,408,89,Hot,34.8,0,0,0,0.859,17.91,31.15,45,4005
2026-03-03,Tuesday,Chole Bhature,453,449,473,426,47,Normal,30.5,0,0,0,0.949,9.94,16.45,45,2115
2026-03-04,Wednesday,Pav Bhaji,507,480,532,471,61,Normal,31.5,0,0,0,0.981,11.47,21.35,45,2745
2026-03-05,Thursday,Veg Pulao,478,445,496,393,103,Rainy,26.2,0,1,0,0.883,20.77,36.05,40,4120
2026-03-06,Friday,Khichdi,483,455,494,394,100,Rainy,25.9,0,1,0,0.866,20.24,35.0,45,4500
2026-03-07,Saturday,Pav Bhaji,354,333,370,316,54,Cloudy,30.2,0,0,0,0.949,14.59,18.9,50,2700
2026-03-08,Sunday,Idli Sambar,200,199,202,187,15,Normal,29.7,0,1,1,0.94,7.43,5.25,40,600
2026-03-09,Monday,Rajma Rice,435,415,440,371,69,Normal,29.9,0,1,0,0.894,15.68,24.15,35,2415
2026-03-10,Tuesday,Chole Bhature,421,409,430,386,44,Normal,28.2,0,1,0,0.944,10.23,15.4,40,1760
2026-03-11,Wednesday,Dal Rice,431,423,432,378,54,Normal,26.6,0,1,0,0.894,12.5,18.9,50,2700
2026-03-12,Thursday,Khichdi,506,504,511,393,118,Hot,38.2,0,0,0,0.78,23.09,41.3,35,4130
2026-03-13,Friday,Rajma Rice,462,462,466,407,59,Cool,26.3,0,0,0,0.881,12.66,20.65,55,3245
2026-03-14,Saturday,Dal Rice,127,112,132,111,21,Rainy,28.0,1,0,0,0.991,15.91,7.35,45,945
2026-03-15,Sunday,Rajma Rice,217,217,217,176,41,Normal,33.2,0,0,0,0.811,18.89,14.35,55,2255
2026-03-16,Monday,Pav Bhaji,504,504,513,473,40,Normal,26.8,0,0,0,0.938,7.8,14.0,55,2200
2026-03-17,Tuesday,Dal Rice,503,480,510,447,63,Cloudy,29.2,0,0,0,0.931,12.35,22.05,45,2835
2026-03-18,Wednesday,Rajma Rice,457,452,466,371,95,Hot,37.9,0,0,0,0.821,20.39,33.25,40,3800
2026-03-19,Thursday,Poha,447,435,454,383,71,Cloudy,29.5,0,1,0,0.88,15.64,24.85,40,2840
2026-03-20,Friday,Chole Bhature,507,502,529,476,53,Normal,31.3,0,0,0,0.948,10.02,18.55,40,2120
2026-03-21,Saturday,Pav Bhaji,373,373,373,355,18,Normal,30.4,0,0,0,0.952,4.83,6.3,50,900
2026-03-22,Sunday,Dal Rice,193,193,195,180,15,Hot,37.3,0,0,0,0.933,7.69,5.25,40,600
2026-03-23,Monday,Dal Rice,470,470,470,412,58,Hot,37.1,0,0,0,0.877,12.34,20.3,40,2320
2026-03-24,Tuesday,Veg Pulao,524,500,547,444,103,Rainy,30.4,0,0,0,0.888,18.83,36.05,45,4635
2026-03-25,Wednesday,Chole Bhature,196,196,202,176,26,Hot,35.7,1,0,1,0.898,12.87,9.1,55,1430
2026-03-26,Thursday,Dal Roti,509,509,509,457,52,Normal,28.1,0,0,0,0.898,10.22,18.2,40,2080
2026-03-27,Friday,Rajma Rice,462,462,470,412,58,Hot,35.6,0,1,0,0.892,12.34,20.3,35,2030
2026-03-28,Saturday,Khichdi,338,338,345,267,78,Normal,28.8,0,0,0,0.79,22.61,27.3,35,2730
2026-03-29,Sunday,Paneer Rice,88,80,88,70,18,Rainy,26.6,1,0,0,0.875,20.45,6.3,55,990
2026-03-30,Monday,Idli Sambar,176,176,180,153,27,Normal,31.5,1,1,0,0.869,15.0,9.45,45,1215
2026-03-31,Tuesday,Khichdi,534,533,542,431,111,Normal,29.0,0,0,1,0.809,20.48,38.85,40,4440
2026-04-01,Wednesday,Dal Rice,496,496,496,453,43,Normal,30.4,0,0,0,0.913,8.67,15.05,40,1720
2026-04-02,Thursday,Poha,458,458,458,383,75,Cloudy,28.6,0,0,0,0.836,16.38,26.25,40,3000
2026-04-03,Friday,Rajma Rice,505,495,525,431,94,Normal,23.7,0,0,0,0.871,17.9,32.9,35,3290
2026-04-04,Saturday,Veg Pulao,330,330,335,294,41,Rainy,29.0,0,0,0,0.891,12.24,14.35,55,2255
2026-04-05,Sunday,Chole Bhature,97,80,100,69,31,Normal,30.7,1,0,0,0.862,31.0,10.85,50,1550
2026-04-06,Monday,Dal Rice,522,511,516,464,52,Normal,30.3,0,0,1,0.908,10.08,18.2,45,2340
2026-04-07,Tuesday,Chole Bhature,412,410,412,382,30,Cloudy,28.3,0,1,0,0.932,7.28,10.5,50,1500
2026-04-08,Wednesday,Dal Roti,488,474,480,418,62,Normal,32.0,0,0,0,0.882,12.92,21.7,40,2480
2026-04-09,Thursday,Khichdi,543,536,562,411,151,Normal,28.2,0,0,1,0.767,26.87,52.85,50,7550
2026-04-10,Friday,Chole Bhature,205,187,210,166,44,Normal,28.8,1,0,0,0.888,20.95,15.4,50,2200
2026-04-11,Saturday,Paneer Rice,353,323,348,294,54,Normal,29.7,0,0,0,0.91,15.52,18.9,40,2160
2026-04-12,Sunday,Dal Roti,175,169,173,142,31,Normal,33.2,0,1,0,0.84,17.92,10.85,50,1550
2026-04-13,Monday,Dal Rice,534,534,546,451,95,Hot,37.8,0,0,1,0.845,17.4,33.25,40,3800
2026-04-14,Tuesday,Poha,513,509,523,410,113,Hot,35.3,0,0,1,0.806,21.61,39.55,40,4520
2026-04-15,Wednesday,Poha,472,472,472,397,75,Cool,22.2,0,0,0,0.841,15.89,26.25,35,2625
2026-04-16,Thursday,Veg Pulao,509,480,520,438,82,Normal,32.7,0,0,0,0.912,15.77,28.7,45,3690
2026-04-17,Friday,Dal Roti,537,509,549,465,84,Hot,35.8,0,0,0,0.914,15.3,29.4,50,4200
2026-04-18,Saturday,Poha,182,148,189,125,64,Rainy,27.0,1,0,0,0.845,33.86,22.4,55,3520
2026-04-19,Sunday,Paneer Rice,218,199,217,180,37,Hot,35.1,0,0,0,0.905,17.05,12.95,45,1665
2026-04-20,Monday,Pav Bhaji,194,172,199,172,27,Cloudy,30.4,1,0,0,1.0,13.57,9.45,50,1350
2026-04-21,Tuesday,Pav Bhaji,490,488,501,426,75,Hot,38.7,0,0,0,0.873,14.97,26.25,50,3750
2026-04-22,Wednesday,Rajma Rice,439,439,439,379,60,Cloudy,31.1,0,1,0,0.863,13.67,21.0,40,2400
2026-04-23,Thursday,Veg Pulao,505,505,509,416,93,Hot,39.1,0,0,0,0.824,18.27,32.55,45,4185
2026-04-24,Friday,Idli Sambar,527,527,541,444,97,Cloudy,26.9,0,0,0,0.843,17.93,33.95,35,3395
2026-04-25,Saturday,Chole Bhature,371,371,382,364,18,Normal,32.0,0,0,0,0.981,4.71,6.3,45,810
2026-04-26,Sunday,Idli Sambar,233,230,230,196,34,Cool,22.1,0,0,1,0.852,14.78,11.9,55,1870
2026-04-27,Monday,Poha,498,483,506,390,116,Normal,30.8,0,0,0,0.807,22.92,40.6,35,4060
2026-04-28,Tuesday,Chole Bhature,393,393,393,374,19,Cool,27.4,0,1,0,0.952,4.83,6.65,50,950
2026-04-29,Wednesday,Rajma Rice,486,473,506,421,85,Cloudy,28.3,0,0,0,0.89,16.8,29.75,45,3825
2026-04-30,Thursday,Poha,506,490,500,434,66,Cool,23.5,0,0,0,0.886,13.2,23.1,45,2970
2026-05-01,Friday,Veg Pulao,469,469,488,418,70,Cloudy,30.4,0,0,0,0.891,14.34,24.5,40,2800
2026-05-02,Saturday,Chole Bhature,367,339,369,345,24,Normal,32.0,0,0,0,1.018,6.5,8.4,40,960
2026-05-03,Sunday,Rajma Rice,241,241,251,188,63,Hot,31.5,0,0,1,0.78,25.1,22.05,35,2205
2026-05-04,Monday,Dal Roti,232,209,241,199,42,Normal,30.7,1,0,0,0.952,17.43,14.7,40,1680
2026-05-05,Tuesday,Chole Bhature,430,430,446,387,59,Normal,26.6,0,1,0,0.9,13.23,20.65,35,2065
2026-05-06,Wednesday,Idli Sambar,484,478,501,406,95,Normal,28.4,0,0,0,0.849,18.96,33.25,45,4275
2026-05-07,Thursday,Dal Roti,493,493,504,460,44,Normal,31.0,0,0,0,0.933,8.73,15.4,35,1540
2026-05-08,Friday,Pav Bhaji,520,520,520,507,13,Rainy,30.2,0,0,0,0.975,2.5,4.55,50,650
2026-05-09,Saturday,Khichdi,296,283,301,226,75,Hot,35.0,0,1,0,0.799,24.92,26.25,45,3375
2026-05-10,Sunday,Poha,199,199,209,170,39,Normal,28.6,0,0,0,0.854,18.66,13.65,45,1755
2026-05-11,Monday,Idli Sambar,485,485,485,429,56,Rainy,30.0,0,0,0,0.885,11.55,19.6,45,2520
2026-05-12,Tuesday,Chole Bhature,547,520,539,463,76,Hot,37.5,0,0,0,0.89,14.1,26.6,45,3420
2026-05-13,Wednesday,Khichdi,443,443,443,351,92,Hot,37.0,0,0,0,0.792,20.77,32.2,55,5060
2026-05-14,Thursday,Dal Rice,492,486,493,418,75,Hot,36.7,0,0,0,0.86,15.21,26.25,35,2625
2026-05-15,Friday,Dal Rice,474,455,485,422,63,Normal,30.3,0,1,0,0.927,12.99,22.05,40,2520
2026-05-16,Saturday,Chole Bhature,115,115,115,107,8,Rainy,25.1,1,0,0,0.93,6.96,2.8,50,400
2026-05-17,Sunday,Veg Pulao,224,224,227,191,36,Cloudy,30.6,0,0,0,0.853,15.86,12.6,35,1260
2026-05-18,Monday,Poha,442,439,443,375,68,Rainy,28.2,0,0,0,0.854,15.35,23.8,35,2380
2026-05-19,Tuesday,Khichdi,502,480,505,358,147,Hot,36.9,0,0,0,0.746,29.11,51.45,40,5880
2026-05-20,Wednesday,Rajma Rice,483,471,495,404,91,Normal,32.7,0,0,0,0.858,18.38,31.85,35,3185
2026-05-21,Thursday,Dal Rice,175,172,181,160,21,Rainy,25.2,1,0,1,0.93,11.6,7.35,45,945
2026-05-22,Friday,Khichdi,522,516,525,433,92,Normal,29.4,0,0,0,0.839,17.52,32.2,40,3680
2026-05-23,Saturday,Chole Bhature,374,366,381,341,40,Normal,28.2,0,0,1,0.932,10.5,14.0,50,2000
2026-05-24,Sunday,Pav Bhaji,215,215,215,211,4,Normal,31.0,0,0,0,0.981,1.86,1.4,50,200
2026-05-25,Monday,Rajma Rice,498,488,517,412,105,Cool,27.9,0,0,0,0.844,20.31,36.75,45,4725
2026-05-26,Tuesday,Khichdi,487,479,481,363,118,Hot,36.5,0,0,0,0.758,24.53,41.3,45,5310
2026-05-27,Wednesday,Dal Rice,152,143,153,116,37,Hot,37.2,1,1,0,0.811,24.18,12.95,50,1850
2026-05-28,Thursday,Veg Pulao,506,506,506,444,62,Hot,36.1,0,0,0,0.877,12.25,21.7,40,2480
2026-05-29,Friday,Poha,501,495,525,396,129,Hot,34.8,0,0,0,0.8,24.57,45.15,50,6450
2026-05-30,Saturday,Idli Sambar,378,362,379,321,58,Rainy,24.5,0,0,0,0.887,15.3,20.3,50,2900
2026-05-31,Sunday,Dal Rice,216,212,224,191,33,Normal,29.7,0,0,0,0.901,14.73,11.55,50,1650
2026-06-01,Monday,Veg Pulao,503,485,519,446,73,Rainy,24.9,0,0,0,0.92,14.07,25.55,45,3285
2026-06-02,Tuesday,Dal Roti,447,431,455,398,57,Normal,30.4,0,1,0,0.923,12.53,19.95,40,2280
2026-06-03,Wednesday,Paneer Rice,544,517,551,488,63,Cloudy,27.5,0,0,0,0.944,11.43,22.05,45,2835
2026-06-04,Thursday,Poha,478,463,486,391,95,Rainy,28.4,0,0,0,0.844,19.55,33.25,50,4750
2026-06-05,Friday,Dal Roti,469,444,475,410,65,Rainy,28.0,0,1,0,0.923,13.68,22.75,35,2275
2026-06-06,Saturday,Veg Pulao,353,353,366,301,65,Normal,30.3,0,0,0,0.853,17.76,22.75,50,3250
2026-06-07,Sunday,Paneer Rice,254,218,261,203,58,Hot,37.5,0,0,1,0.931,22.22,20.3,40,2320
2026-06-08,Monday,Veg Pulao,538,538,547,473,74,Normal,28.4,0,0,1,0.879,13.53,25.9,35,2590
2026-06-09,Tuesday,Poha,501,484,524,409,115,Normal,33.3,0,0,0,0.845,21.95,40.25,35,4025
2026-06-10,Wednesday,Poha,488,464,484,394,90,Normal,31.3,0,0,0,0.849,18.6,31.5,35,3150
2026-06-11,Thursday,Chole Bhature,515,515,522,481,41,Rainy,27.8,0,0,0,0.934,7.85,14.35,45,1845
2026-06-12,Friday,Pav Bhaji,551,541,564,509,55,Cloudy,29.7,0,0,1,0.941,9.75,19.25,40,2200
2026-06-13,Saturday,Khichdi,363,363,363,276,87,Normal,26.5,0,0,1,0.76,23.97,30.45,55,4785
2026-06-14,Sunday,Poha,219,218,226,169,57,Cloudy,28.7,0,0,0,0.775,25.22,19.95,45,2565
2026-06-15,Monday,Paneer Rice,501,476,500,443,57,Cloudy,26.7,0,0,0,0.931,11.4,19.95,35,1995
2026-06-16,Tuesday,Poha,486,461,500,381,119,Cool,24.7,0,0,0,0.826,23.8,41.65,45,5355
2026-06-17,Wednesday,Veg Pulao,512,471,532,414,118,Cloudy,28.6,0,0,0,0.879,22.18,41.3,50,5900
2026-06-18,Thursday,Paneer Rice,518,514,521,475,46,Cloudy,25.2,0,0,0,0.924,8.83,16.1,50,2300
2026-06-19,Friday,Poha,499,499,509,435,74,Rainy,30.9,0,0,0,0.872,14.54,25.9,35,2590
2026-06-20,Saturday,Dal Roti,328,327,330,306,24,Normal,30.2,0,1,0,0.936,7.27,8.4,50,1200
2026-06-21,Sunday,Paneer Rice,191,190,194,190,4,Hot,32.7,0,0,0,1.0,2.06,1.4,50,200
2026-06-22,Monday,Dal Rice,480,480,495,434,61,Cloudy,28.0,0,0,0,0.904,12.32,21.35,40,2440
2026-06-23,Tuesday,Dal Rice,507,507,512,469,43,Normal,30.8,0,0,0,0.925,8.4,15.05,35,1505
2026-06-24,Wednesday,Poha,539,492,543,410,133,Normal,30.9,0,0,0,0.833,24.49,46.55,45,5985
2026-06-25,Thursday,Paneer Rice,481,481,488,457,31,Cloudy,30.8,0,0,0,0.95,6.35,10.85,40,1240
2026-06-26,Friday,Poha,491,489,502,405,97,Normal,33.5,0,0,0,0.828,19.32,33.95,50,4850
2026-06-27,Saturday,Paneer Rice,319,316,316,290,26,Normal,29.5,0,0,0,0.918,8.23,9.1,40,1040
2026-06-28,Sunday,Veg Pulao,255,218,264,180,84,Hot,38.6,0,0,0,0.826,31.82,29.4,55,4620
2026-06-29,Monday,Veg Pulao,483,471,496,413,83,Normal,30.3,0,0,0,0.877,16.73,29.05,45,3735
2026-06-30,Tuesday,Pav Bhaji,501,494,494,453,41,Hot,37.0,0,0,0,0.917,8.3,14.35,40,1640
2026-07-01,Wednesday,Khichdi,503,486,524,406,118,Hot,34.8,0,0,0,0.835,22.52,41.3,35,4130
2026-07-02,Thursday,Chole Bhature,397,393,410,353,57,Normal,30.8,0,1,0,0.898,13.9,19.95,45,2565
2026-07-03,Friday,Khichdi,534,515,533,406,127,Normal,32.5,0,0,0,0.788,23.83,44.45,50,6350
2026-07-04,Saturday,Poha,383,349,399,296,103,Hot,37.2,0,0,0,0.848,25.81,36.05,50,5150
2026-07-05,Sunday,Veg Pulao,285,264,291,243,48,Rainy,31.1,0,0,0,0.92,16.49,16.8,40,1920
2026-07-06,Monday,Veg Pulao,475,475,481,397,84,Normal,31.6,0,0,0,0.836,17.46,29.4,40,3360
2026-07-07,Tuesday,Poha,152,147,152,109,43,Cloudy,28.9,1,1,0,0.741,28.29,15.05,35,1505
2026-07-08,Wednesday,Chole Bhature,465,465,469,405,64,Hot,35.0,0,0,0,0.871,13.65,22.4,45,2880
2026-07-09,Thursday,Dal Rice,507,500,511,437,74,Hot,36.6,0,0,0,0.874,14.48,25.9,35,2590
2026-07-10,Friday,Dal Roti,526,512,517,474,43,Normal,29.3,0,0,0,0.926,8.32,15.05,45,1935
2026-07-11,Saturday,Dal Rice,381,356,375,342,33,Normal,28.8,0,0,0,0.961,8.8,11.55,45,1485
2026-07-12,Sunday,Rajma Rice,222,214,227,185,42,Normal,30.4,0,0,0,0.864,18.5,14.7,55,2310
2026-07-13,Monday,Dal Roti,510,510,520,476,44,Rainy,29.3,0,0,0,0.933,8.46,15.4,40,1760
2026-07-14,Tuesday,Dal Roti,523,523,534,496,38,Rainy,27.0,0,0,0,0.948,7.12,13.3,40,1520
2026-07-15,Wednesday,Dal Rice,450,446,458,397,61,Normal,30.1,0,0,0,0.89,13.32,21.35,45,2745
2026-07-16,Thursday,Rajma Rice,431,431,431,375,56,Cool,21.0,0,1,0,0.87,12.99,19.6,45,2520
2026-07-17,Friday,Pav Bhaji,493,485,489,464,25,Normal,30.8,0,0,0,0.957,5.11,8.75,40,1000
2026-07-18,Saturday,Veg Pulao,80,80,80,79,1,Cool,23.8,1,1,0,0.988,1.25,0.35,55,55
2026-07-19,Sunday,Veg Pulao,220,220,224,186,38,Cool,21.9,0,0,0,0.845,16.96,13.3,50,1900
2026-07-20,Monday,Khichdi,461,461,474,361,113,Normal,31.1,0,0,0,0.783,23.84,39.55,40,4520
2026-07-21,Tuesday,Pav Bhaji,493,480,497,463,34,Cool,27.5,0,0,0,0.965,6.84,11.9,40,1360
2026-07-22,Wednesday,Khichdi,518,518,529,412,117,Normal,28.9,0,0,0,0.795,22.12,40.95,45,5265
2026-07-23,Thursday,Idli Sambar,135,132,141,119,22,Normal,27.9,1,0,0,0.902,15.6,7.7,50,1100
2026-07-24,Friday,Dal Rice,473,473,484,408,76,Hot,35.6,0,0,0,0.863,15.7,26.6,35,2660
2026-07-25,Saturday,Dal Roti,389,358,407,336,71,Normal,29.7,0,0,0,0.939,17.44,24.85,45,3195
2026-07-26,Sunday,Dal Roti,227,227,233,202,31,Cloudy,30.7,0,0,0,0.89,13.3,10.85,45,1395
2026-07-27,Monday,Poha,500,500,518,419,99,Cloudy,26.4,0,0,0,0.838,19.11,34.65,40,3960
2026-07-28,Tuesday,Khichdi,164,154,166,122,44,Cloudy,28.7,1,1,0,0.792,26.51,15.4,45,1980
2026-07-29,Wednesday,Paneer Rice,401,401,401,372,29,Normal,31.1,0,1,0,0.928,7.23,10.15,55,1595
2026-07-30,Thursday,Khichdi,437,434,438,345,93,Hot,33.2,0,1,0,0.795,21.23,32.55,35,3255
2026-07-31,Friday,Dal Rice,497,497,512,456,56,Normal,32.0,0,0,0,0.918,10.94,19.6,40,2240
2026-08-01,Saturday,Chole Bhature,322,317,327,299,28,Hot,36.7,0,0,0,0.943,8.56,9.8,45,1260
2026-08-02,Sunday,Dal Rice,207,207,207,189,18,Normal,30.0,0,0,0,0.913,8.7,6.3,50,900
2026-08-03,Monday,Poha,183,183,190,143,47,Normal,31.8,1,0,0,0.781,24.74,16.45,55,2585
2026-08-04,Tuesday,Dal Rice,485,478,507,461,46,Normal,31.6,0,0,0,0.964,9.07,16.1,45,2070
2026-08-05,Wednesday,Pav Bhaji,461,459,459,430,29,Normal,31.1,0,0,0,0.937,6.32,10.15,50,1450
2026-08-06,Thursday,Rajma Rice,191,191,196,150,46,Hot,36.6,1,0,0,0.785,23.47,16.1,45,2070
2026-08-07,Friday,Veg Pulao,523,506,535,442,93,Normal,28.7,0,0,0,0.874,17.38,32.55,45,4185
2026-08-08,Saturday,Veg Pulao,369,338,377,285,92,Hot,36.9,0,0,0,0.843,24.4,32.2,40,3680
2026-08-09,Sunday,Rajma Rice,226,221,228,181,47,Rainy,32.3,0,0,0,0.819,20.61,16.45,40,1880
2026-08-10,Monday,Dal Rice,182,182,185,164,21,Hot,36.3,1,0,0,0.901,11.35,7.35,40,840
2026-08-11,Tuesday,Chole Bhature,404,392,420,378,42,Rainy,29.2,0,1,0,0.964,10.0,14.7,45,1890
2026-08-12,Wednesday,Dal Roti,483,483,496,426,70,Normal,30.0,0,0,0,0.882,14.11,24.5,35,2450
2026-08-13,Thursday,Dal Rice,524,511,519,439,80,Hot,38.3,0,0,0,0.859,15.41,28.0,55,4400
2026-08-14,Friday,Dal Rice,481,449,483,384,99,Hot,36.8,0,1,0,0.855,20.5,34.65,40,3960
2026-08-15,Saturday,Veg Pulao,370,331,382,270,112,Normal,30.8,0,0,0,0.816,29.32,39.2,40,4480
2026-08-16,Sunday,Khichdi,213,213,213,166,47,Rainy,27.5,0,0,0,0.779,22.07,16.45,45,2115
2026-08-17,Monday,Veg Pulao,177,160,180,135,45,Cloudy,30.0,1,0,0,0.844,25.0,15.75,50,2250
2026-08-18,Tuesday,Rajma Rice,488,488,512,426,86,Cloudy,28.0,0,0,0,0.873,16.8,30.1,35,3010
2026-08-19,Wednesday,Pav Bhaji,469,469,482,433,49,Hot,36.4,0,0,0,0.923,10.17,17.15,40,1960
2026-08-20,Thursday,Idli Sambar,519,502,538,429,109,Normal,27.6,0,0,1,0.855,20.26,38.15,55,5995
2026-08-21,Friday,Dal Roti,562,562,580,477,103,Normal,26.6,0,0,0,0.849,17.76,36.05,40,4120
2026-08-22,Saturday,Idli Sambar,364,364,379,323,56,Normal,31.2,0,0,0,0.887,14.78,19.6,40,2240
2026-08-23,Sunday,Paneer Rice,209,209,216,216,0,Rainy,26.4,0,0,0,1.033,0.0,0.0,50,0
2026-08-24,Monday,Rajma Rice,462,456,459,411,48,Normal,30.7,0,0,0,0.901,10.46,16.8,35,1680
2026-08-25,Tuesday,Paneer Rice,454,443,456,426,30,Normal,30.1,0,0,0,0.962,6.58,10.5,45,1350
2026-08-26,Wednesday,Poha,460,438,451,352,99,Cool,19.4,0,1,0,0.804,21.95,34.65,40,3960
2026-08-27,Thursday,Khichdi,151,151,155,120,35,Normal,32.7,1,0,0,0.795,22.58,12.25,40,1400
2026-08-28,Friday,Veg Pulao,491,491,495,427,68,Normal,28.6,0,0,0,0.87,13.74,23.8,40,2720
2026-08-29,Saturday,Dal Rice,307,307,307,275,32,Normal,31.7,0,1,0,0.896,10.42,11.2,35,1120
2026-08-30,Sunday,Veg Pulao,114,90,119,87,32,Normal,31.7,1,0,0,0.967,26.89,11.2,40,1280
2026-08-31,Monday,Pav Bhaji,457,457,462,449,13,Normal,26.6,0,0,0,0.982,2.81,4.55,35,455
2026-09-01,Tuesday,Dal Rice,510,498,534,440,94,Cloudy,28.4,0,0,0,0.884,17.6,32.9,50,4700
2026-09-02,Wednesday,Veg Pulao,471,471,488,417,71,Cool,25.9,0,0,0,0.885,14.55,24.85,40,2840
2026-09-03,Thursday,Rajma Rice,526,512,546,446,100,Normal,30.3,0,0,0,0.871,18.32,35.0,45,4500
2026-09-04,Friday,Poha,497,472,496,405,91,Normal,28.8,0,0,0,0.858,18.35,31.85,50,4550
2026-09-05,Saturday,Pav Bhaji,379,369,389,343,46,Normal,30.9,0,0,1,0.93,11.83,16.1,45,2070
2026-09-06,Sunday,Poha,207,207,217,172,45,Normal,30.2,0,0,0,0.831,20.74,15.75,35,1575
2026-09-07,Monday,Dal Roti,472,463,471,387,84,Hot,33.4,0,0,0,0.836,17.83,29.4,55,4620
2026-09-08,Tuesday,Veg Pulao,488,477,502,413,89,Cool,22.4,0,0,0,0.866,17.73,31.15,40,3560
2026-09-09,Wednesday,Veg Pulao,469,469,470,437,33,Normal,27.2,0,0,0,0.932,7.02,11.55,35,1155
2026-09-10,Thursday,Veg Pulao,493,481,485,410,75,Normal,27.5,0,0,0,0.852,15.46,26.25,50,3750
2026-09-11,Friday,Veg Pulao,546,527,572,473,99,Normal,29.7,0,0,0,0.898,17.31,34.65,45,4455
2026-09-12,Saturday,Idli Sambar,377,376,388,345,43,Normal,31.1,0,0,0,0.918,11.08,15.05,45,1935
2026-09-13,Sunday,Idli Sambar,170,170,174,128,46,Normal,32.3,0,1,0,0.753,26.44,16.1,40,1840
2026-09-14,Monday,Khichdi,497,497,513,407,106,Hot,34.6,0,0,0,0.819,20.66,37.1,45,4770
2026-09-15,Tuesday,Veg Pulao,490,490,510,403,107,Hot,35.6,0,0,0,0.822,20.98,37.45,40,4280
2026-09-16,Wednesday,Rajma Rice,478,477,483,406,77,Hot,34.8,0,0,0,0.851,15.94,26.95,55,4235
2026-09-17,Thursday,Dal Rice,519,485,542,438,104,Rainy,26.2,0,0,0,0.903,19.19,36.4,40,4160
2026-09-18,Friday,Pav Bhaji,522,495,521,460,61,Rainy,33.3,0,0,0,0.929,11.71,21.35,50,3050
2026-09-19,Saturday,Chole Bhature,384,368,385,351,34,Rainy,24.0,0,0,0,0.954,8.83,11.9,45,1530
2026-09-20,Sunday,Veg Pulao,272,219,283,199,84,Normal,29.1,0,0,0,0.909,29.68,29.4,50,4200
2026-09-21,Monday,Pav Bhaji,417,385,415,349,66,Hot,39.1,0,1,0,0.906,15.9,23.1,50,3300
2026-09-22,Tuesday,Idli Sambar,474,460,468,419,49,Normal,28.8,0,1,1,0.911,10.47,17.15,45,2205
2026-09-23,Wednesday,Poha,467,452,471,405,66,Normal,25.8,0,0,0,0.896,14.01,23.1,40,2640
2026-09-24,Thursday,Rajma Rice,507,503,530,440,90,Hot,36.6,0,0,0,0.875,16.98,31.5,40,3600
2026-09-25,Friday,Poha,454,438,466,396,70,Rainy,27.6,0,1,0,0.904,15.02,24.5,40,2800
2026-09-26,Saturday,Poha,385,365,381,312,69,Rainy,28.5,0,0,0,0.855,18.11,24.15,50,3450
2026-09-27,Sunday,Poha,190,183,197,148,49,Hot,36.1,0,0,0,0.809,24.87,17.15,50,2450
2026-09-28,Monday,Rajma Rice,168,157,167,135,32,Hot,34.6,1,0,0,0.86,19.16,11.2,45,1440
2026-09-29,Tuesday,Rajma Rice,489,488,502,427,75,Normal,30.0,0,0,0,0.875,14.94,26.25,35,2625
2026-09-30,Wednesday,Chole Bhature,509,479,523,426,97,Normal,31.2,0,0,0,0.889,18.55,33.95,40,3880
2026-10-01,Thursday,Khichdi,469,468,474,370,104,Normal,30.7,0,0,0,0.791,21.94,36.4,45,4680
2026-10-02,Friday,Paneer Rice,516,485,513,433,80,Normal,31.5,0,0,0,0.893,15.59,28.0,45,3600
2026-10-03,Saturday,Rajma Rice,395,370,414,338,76,Rainy,24.1,0,0,1,0.914,18.36,26.6,50,3800
2026-10-04,Sunday,Chole Bhature,249,239,254,223,31,Normal,31.5,0,0,0,0.933,12.2,10.85,55,1705
2026-10-05,Monday,Dal Rice,470,458,475,413,62,Normal,27.2,0,0,0,0.902,13.05,21.7,40,2480
2026-10-06,Tuesday,Dal Roti,184,165,188,150,38,Cloudy,30.4,1,0,0,0.909,20.21,13.3,45,1710
2026-10-07,Wednesday,Pav Bhaji,481,481,501,452,49,Normal,32.0,0,0,0,0.94,9.78,17.15,45,2205
2026-10-08,Thursday,Dal Roti,156,131,159,126,33,Normal,31.7,1,1,0,0.962,20.75,11.55,40,1320
2026-10-09,Friday,Poha,540,505,538,431,107,Rainy,28.3,0,0,0,0.853,19.89,37.45,40,4280
2026-10-10,Saturday,Pav Bhaji,382,366,400,352,48,Normal,29.2,0,0,0,0.962,12.0,16.8,35,1680
2026-10-11,Sunday,Poha,219,209,225,163,62,Hot,35.1,0,1,0,0.78,27.56,21.7,50,3100
2026-10-12,Monday,Rajma Rice,516,516,536,488,48,Rainy,26.2,0,0,0,0.946,8.96,16.8,45,2160
2026-10-13,Tuesday,Paneer Rice,555,545,548,527,21,Normal,31.4,0,0,0,0.967,3.83,7.35,45,945
2026-10-14,Wednesday,Dal Roti,179,179,184,158,26,Hot,38.2,1,0,0,0.883,14.13,9.1,55,1430
2026-10-15,Thursday,Poha,439,418,445,365,80,Normal,29.6,0,1,0,0.873,17.98,28.0,50,4000
2026-10-16,Friday,Rajma Rice,495,495,502,423,79,Cool,23.8,0,0,0,0.855,15.74,27.65,35,2765
2026-10-17,Saturday,Paneer Rice,348,332,344,294,50,Normal,27.7,0,0,0,0.886,14.53,17.5,45,2250
2026-10-18,Sunday,Paneer Rice,183,183,187,161,26,Cloudy,28.4,0,1,0,0.88,13.9,9.1,45,1170
2026-10-19,Monday,Dal Rice,492,485,497,406,91,Hot,36.3,0,0,0,0.837,18.31,31.85,50,4550
2026-10-20,Tuesday,Paneer Rice,501,501,501,456,45,Normal,30.3,0,0,0,0.91,8.98,15.75,50,2250
2026-10-21,Wednesday,Veg Pulao,529,489,549,414,135,Hot,35.3,0,0,1,0.847,24.59,47.25,45,6075
2026-10-22,Thursday,Dal Rice,484,480,499,454,45,Rainy,30.0,0,0,0,0.946,9.02,15.75,40,1800
2026-10-23,Friday,Paneer Rice,500,500,500,464,36,Rainy,26.7,0,0,0,0.928,7.2,12.6,50,1800
2026-10-24,Saturday,Poha,362,347,379,293,86,Cool,23.5,0,0,0,0.844,22.69,30.1,35,3010
2026-10-25,Sunday,Veg Pulao,274,229,283,222,61,Cool,27.0,0,0,0,0.969,21.55,21.35,40,2440
2026-10-26,Monday,Paneer Rice,155,143,152,136,16,Normal,28.3,1,0,0,0.951,10.53,5.6,40,640
2026-10-27,Tuesday,Rajma Rice,478,478,494,425,69,Hot,36.2,0,0,0,0.889,13.97,24.15,35,2415
